cloneId	cellGroup	tagValueCELL	readCount	readFraction	uniqueMoleculeCount	uniqueMoleculeFraction	targetSequences	targetQualities	allVHitsWithScore	allDHitsWithScore	allJHitsWithScore	allCHitsWithScore	allVAlignments	allDAlignments	allJAlignments	allCAlignments	nSeqFR1	minQualFR1	nSeqCDR1	minQualCDR1	nSeqFR2	minQualFR2	nSeqCDR2	minQualCDR2	nSeqFR3	minQualFR3	nSeqCDR3	minQualCDR3	nSeqFR4	minQualFR4	aaSeqFR1	aaSeqCDR1	aaSeqFR2	aaSeqCDR2	aaSeqFR3	aaSeqCDR3	aaSeqFR4	refPoints	topChains
0	6	CCTACCATCGGAGGTA	2347.0	0.28720019579050415	195	0.14264813460131676	TCCTATGAATTGACTCAGCCACCCTCAGTGTCCGTGTCCCCAGGACAGACAGCCAGCATCACCTGCTCTGGAGATAATTTGCGGACTAAGTATACTTTCTGGTATCAACAGAAGCCAGGCCAGTCCCCTCTACTGGTCCTCTATGAAGATACGAAGCGGCCCTCAGGGATCCCTGACCGATTCTCTGGCTCCAACTCTGGGAACACAGCCACTTTGACCATCCGCGGGACCCAGGCAATGGATGAGGCTGACTATTATTGTCAGGCGTGGGACAGTAGTACTGTGATTTTCGGCGGAGGGACCAAACTGTCCGTCCTAG	[[[[[[[[[[[[[[[[[[[[[[[[[[[[[[[[[[[[[[[[[[[[[[[[[[[[[[[[[[[[[[[[[[[[[[[[[[[[[[[[[[[[[[[[[[[[[[[[[[[[[[[[[[[[[[[[[[[[[[[[[[[[[[[[[[[[[[[[[[[[[[[[[[[[[[[[[[[[[[[[[[[[[[[[[[[[[[[[[[[[[[[[[[[[[[[[[[[[[[[[[[[[[[[[[[[[[[[[[[[[[[[[[[[[[[[[[[[[[[[[[[[[[[[[[[[[[[[[[[[[[[[[[[[[[[[[[[[[[[[[[[[[[[[[[[[[[[[[[[[[[[[[[[[[[[[[[[[[[[[	IGLV3-1*00(1654),IGLV3-21*00(1422.8)		IGLJ2*00(264)	IGLC2*00(1041),IGLC3*00(1027)	83|365|388|0|282|SG91ASC92TSA160TSG164CSG167ASA168CSA172GSG176ASG180TSG190ASG212CSG214ASA221CSC227GSG234CSC235GSG259CSC296TSA305CST319ASC340TSC358TSC361T|2163.0;335|360|387|258|283|ST342CST349CSG357C|163.0		21|58|58|282|319|SG24ASA26TSG44ASA48T|264.0	;	TCCTATGAATTGACTCAGCCACCCTCAGTGTCCGTGTCCCCAGGACAGACAGCCAGCATCACCTGCTCTGGAGAT	58	AATTTGCGGACTAAGTAT	58	ACTTTCTGGTATCAACAGAAGCCAGGCCAGTCCCCTCTACTGGTCCTCTAT	58	GAAGATACG	58	AAGCGGCCCTCAGGGATCCCTGACCGATTCTCTGGCTCCAACTCTGGGAACACAGCCACTTTGACCATCCGCGGGACCCAGGCAATGGATGAGGCTGACTATTAT	58	TGTCAGGCGTGGGACAGTAGTACTGTGATTTTC	58	GGCGGAGGGACCAAACTGTCCGTCCTAG	58	SYELTQPPSVSVSPGQTASITCSGD	NLRTKY	TFWYQQKPGQSPLLVLY	EDT	KRPSGIPDRFSGSNSGNTATLTIRGTQAMDEADYY	CQAWDSSTVIF	GGGTKLSVL_	::::0:75:93:144:153:258:-3:282:::::282:-1:291:319::	IGL
1	7	GCTTCCATCGGTGTCG	1060.0	0.12971120900636318	78	0.0570592538405267	GAAGTGCAGGTGGTGGAGTCTGGGGGAGCCTTGGTACAGCCTGGCGGGTCCCTGAGACTCTCCTGTGCAGCCTCTGGATTTAAGTTTGATGATCATGCCATGCACTGGGTCCGGCAAACTCCAAAAAAGGGCCTGGAATGGGTCTCGAGTATTAATTGGAATAGTGTTATTTTAGAGTATGCGGACTCTGTGAAGGGCCGATTCACCACCTCCAGAGACAACGCCAAGAACTCCCTGTATCTGCAGATGAACACTCTGAGACCTGAAGACTCGGCCCTCTATTACTGTGTAACTTCGCACAACTATTACTCTTTTGACTTCTGGGGCCGGGGAACCCTGGTCACAGTCTCCTCAG	[[[[[[[[[[[[[[[[[[[[[[[[[[[[[[[[[[[[[[[[[[[[[[[[[[[[[[[[[[[[[[[[[[[[[[[[[[[[[[[[[[[[[[[[[[[[[[[[[[[[[[[[[[[[[[[[[[[[[[[[[[[[[[[[[[[[[[[[[[[[[[[[[[[[[[[[[[[[[[[[[[[[[[[[[[[[[[[[[[[[[[[[[[[[[[[[[[[[[[[[[[[[[[[[[[[[[[[[[[[[[[[[[[[[[[[[[[[[[[[[[[[[[[[[[[[[[[[[[[[[[[[[[[[[[[[[[[[[[[[[[[[[[[[[[[[[[[[[[[[[[[[[[[[[[[[[[[[[[[[[[[[[[[[[[[[[[[[[[[[[[[[[[[[[[[[[[[[	IGHV3-9*00(2791)		IGHJ4*00(347)	IGHM*00(249)	77|369|395|0|292|SC86GSG105CSA122GSC157TSC159ASC160GST170CSG194ASG200ASG201ASG202ASG214ASA223GSG224ASG231ASG243TSG246TSC247TSA248TSG252ASC253GST285CSA322GSG330CSG338CSG343ASA347TST353CSG355CSC366T|2050.0		13|68|68|300|355|SG15CSG18TSA23CSC24TSA32TSA41GSC57A|347.0		GAAGTGCAGGTGGTGGAGTCTGGGGGAGCCTTGGTACAGCCTGGCGGGTCCCTGAGACTCTCCTGTGCAGCCTCT	58	GGATTTAAGTTTGATGATCATGCC	58	ATGCACTGGGTCCGGCAAACTCCAAAAAAGGGCCTGGAATGGGTCTCGAGT	58	ATTAATTGGAATAGTGTTATTTTA	58	GAGTATGCGGACTCTGTGAAGGGCCGATTCACCACCTCCAGAGACAACGCCAAGAACTCCCTGTATCTGCAGATGAACACTCTGAGACCTGAAGACTCGGCCCTCTATTAC	58	TGTGTAACTTCGCACAACTATTACTCTTTTGACTTCTGG	58	GGCCGGGGAACCCTGGTCACAGTCTCCTCAG	58	EVQVVESGGALVQPGGSLRLSCAAS	GFKFDDHA	MHWVRQTPKKGLEWVSS	INWNSVIL	EYADSVKGRFTTSRDNAKNSLYLQMNTLRPEDSALYY	CVTSHNYYSFDFW	GRGTLVTVSS_	::::0:75:99:150:174:285:-6:292:::::300:7:324:355::	IGH
2	5	GGGCACTTCACGACTA	983.0	0.1202887909936368	635	0.46452084857351866	CAGTCTGCCCTGACTCAGCCTCGCTCAGTGTCCGGGTCTCCTGGACAGTCAGTCACCATCTCCTGCACTGGAACCAGCAATGATGTTGGTGGTTATAACTCTGTCTCCTGGTACCAACAGCACCCAGGCAAAGCCCCCAAACTCATGATTTATGATGTCAGTAAGCGGCCCTCAGGGGTCCCTGATCGCTTCTCTGGCTCCAAGTCTGGCAACACGGCCTCCCTGACCATCTCTGGGCTCCAGGCTGAGGATGAGGCTGATTATTACTGCTCCTCATATGCAGGCAGCTACACTTTCGGGTTCGGCGGGGGGACCAAACTGACCGTCCTAG	[[[[[[[[[[[[[[[[[[[[[[[[[[[[[[[[[[[[[[[[[[[[[[[[[[[[[[[[[[[[[[[[[[[[[[[[[[[[[[[[[[[[[[[[[[[[[[[[[[[[[[[[[[[[[[[[[[[[[[[[[[[[[[[[[[[[[[[[[[[[[[[[[[[[[[[[[[[[[[[[[[[[[[[[[[[[[[[[[[[[[[[[[[[[[[[[[[[[[[[[[[[[[[[[[[[[[[[[[[[[[[[[[[[[[[[[[[[[[[[[[[[[[[[[[[[[[[[[[[[[[[[[[[[[[[[[[[[[[[[[[[[[[[[[[[[[[[[[[[[[[[[[[[[[[[[[[[[[[[[[[[[[[[[[[[[	IGLV2-11*00(3647.8),IGLV2-8*00(3214.4),IGLV2-18*00(2981.9)		IGLJ3*00(261.8)	IGLC3*00(767.9),IGLC2*00(767.4)	77|375|394|0|298|SG156ASA177CSG348C|2893.0;344|375|394|267|298|SA347TSG348CSA365TSA369C|194.0;344|375|394|267|298|SA347TSG348CST351CSA356GSA359GSA365TSG366A|107.0		26|58|58|299|331|SA35GSG44A|262.0	;	CAGTCTGCCCTGACTCAGCCTCGCTCAGTGTCCGGGTCTCCTGGACAGTCAGTCACCATCTCCTGCACTGGAACC	58	AGCAATGATGTTGGTGGTTATAACTCT	58	GTCTCCTGGTACCAACAGCACCCAGGCAAAGCCCCCAAACTCATGATTTAT	58	GATGTCAGT	58	AAGCGGCCCTCAGGGGTCCCTGATCGCTTCTCTGGCTCCAAGTCTGGCAACACGGCCTCCCTGACCATCTCTGGGCTCCAGGCTGAGGATGAGGCTGATTATTAC	58	TGCTCCTCATATGCAGGCAGCTACACTTTCGGGTTC	58	GGCGGGGGGACCAAACTGACCGTCCTAG	58	QSALTQPRSVSGSPGQSVTISCTGT	SNDVGGYNS	VSWYQQHPGKAPKLMIY	DVS	KRPSGVPDRFSGSKSGNTASLTISGLQAEDEADYY	CSSYAGSYTFGF	GGGTKLTVL_	::::0:75:102:153:162:267:1:298:::::299:-6:303:331::	IGL
3	6	CCTACCATCGGAGGTA	784.0	0.09593734703866863	52	0.038039502560351136	GAGGTGCAGCTGGTGGAGTCCGGGGGAGGCTTAGTTCAGCCTGGGGGGTCCCTGAGACTCTCCTGTGCAGCCTCTGGATTCACCTTCAGTAGCTACTGGATGCACTGGGTCCGCCAAGCTCCAGGGAAGGGGCTGGTGTGGGTCTCACGTTTTATTACTGATGGGAGTAGCACAAGCTACGCGGACTCCGTGAAGGGCCGATTCACCATCTCCAGAGACAACGCCAAGAATACGCTGTATCTGCAAATGAACAGTCTGAGAGCCGAGGACACGGCTGTGTATTACTGTACAAGAGTGGGAGCGGCGTGGGAGCTGGAGTACTGGGGCCAGGGAACCCTGGTCACCGTCTCCTCAG	[[[[[[[[[[[[[[[[[[[[[[[[[[[[[[[[[[[[[[[[[[[[[[[[[[[[[[[[[[[[[[[[[[[[[[[[[[[[[[[[[[[[[[[[[[[[[[[[[[[[[[[[[[[[[[[[[[[[[[[[[[[[[[[[[[[[[[[[[[[[[[[[[[[[[[[[[[[[[[[[[[[[[[[[[[[[[[[[[[[[[[[[[[[[[[[[[[[[[[[[[[[[[[[[[[[[[[[[[[[[[[[[[[[[[[[[[[[[[[[[[[[[[[[[[[[[[[[[[[[[[[[[[[[[[[[[[[[[[[[[[[[[[[[[[[[[[[[[[[[[[[[[[[[[[[[[[[[[[[[[[[[[[[[[[[[[[[[[[[[[[[[[[[[[[[[[[[[	IGHV3-74*00(3574.2)	IGHD1-26*00(45)	IGHJ4*00(371)	IGHM*00(294.3)	77|372|393|0|295|SA227TSA231TSG234CSC307TSG365A|2805.0	26|35|60|305|314||45.0	28|68|68|315|355|SC30G|371.0		GAGGTGCAGCTGGTGGAGTCCGGGGGAGGCTTAGTTCAGCCTGGGGGGTCCCTGAGACTCTCCTGTGCAGCCTCT	58	GGATTCACCTTCAGTAGCTACTGG	58	ATGCACTGGGTCCGCCAAGCTCCAGGGAAGGGGCTGGTGTGGGTCTCACGT	58	TTTATTACTGATGGGAGTAGCACA	58	AGCTACGCGGACTCCGTGAAGGGCCGATTCACCATCTCCAGAGACAACGCCAAGAATACGCTGTATCTGCAAATGAACAGTCTGAGAGCCGAGGACACGGCTGTGTATTAC	58	TGTACAAGAGTGGGAGCGGCGTGGGAGCTGGAGTACTGG	58	GGCCAGGGAACCCTGGTCACCGTCTCCTCAG	58	EVQLVESGGGLVQPGGSLRLSCAAS	GFTFSSYW	MHWVRQAPGKGLVWVSR	FITDGSST	SYADSVKGRFTISRDNAKNTLYLQMNSLRAEDTAVYY	CTRVGAAWELEYW	GQGTLVTVSS_	::::0:75:99:150:174:285:-1:295:305:-6:-5:314:315:-8:324:355::	IGH
4	6	CCTACCATCGGAGGTA	588.0	0.07195301027900147	44	0.03218727139722019	GATGTTGTGATGACTCAGTCTCCACTCTCCCTGCCCGTCACCCTTGGACAGCCGGCCTCCATCTCCTGCAGGTCTAGTCAAAGCCTCGTATACAGTGATGGAAACACCTACTTGAATTGGTTTCAGCAGAGGCCAGGCCAATCTCCAAGGCGCCTAATTTATAAGGTTTCTAACCGGGACTCTGGGGTCCCAGACAGATTCAGCGGCAGTGGGTCAGGCACTGATTTCACACTGAAAATCAGCAGGGTGGAGGCTGAGGATGTTGGGGTTTATTACTGCGTGCAAGGTACACACTGCCCGAGGCCAAGGGACACGACTGGAGATTAAAC	[[[[[[[[[[[[[[[[[[[[[[[[[[[[[[[[[[[[[[[[[[[[[[[[[[[[[[[[[[[[[[[[[[[[[[[[[[[[[[[[[[[[[[[[[[[[[[[[[[[[[[[[[[[[[[[[[[[[[[[[[[[[[[[[[[[[[[[[[[[[[[[[[[[[[[[[[[[[[[[[[[[[[[[[[[[[[[[[[[[[[[[[[[[[[[[[[[[[[[[[[[[[[[[[[[[[[[[[[[[[[[[[[[[[[[[[[[[[[[[[[[[[[[[[[[[[[[[[[[[[[[[[[[[[[[[[[[[[[[[[[[[[[[[[[[[[[[[[[[[[[[[[[[[[[[[[[[[[[[[[[[[[[[[[[	IGKV2-30*00(3732),IGKV2D-30*00(3703)		IGKJ5*00(280)	IGKC*00(1205)	80|379|402|0|299|SA359GSG376C|2932.0;356|379|402|276|299|SA359GSG376C|172.0		30|58|58|301|329||280.0		GATGTTGTGATGACTCAGTCTCCACTCTCCCTGCCCGTCACCCTTGGACAGCCGGCCTCCATCTCCTGCAGGTCTAGT	58	CAAAGCCTCGTATACAGTGATGGAAACACCTAC	58	TTGAATTGGTTTCAGCAGAGGCCAGGCCAATCTCCAAGGCGCCTAATTTAT	58	AAGGTTTCT	58	AACCGGGACTCTGGGGTCCCAGACAGATTCAGCGGCAGTGGGTCAGGCACTGATTTCACACTGAAAATCAGCAGGGTGGAGGCTGAGGATGTTGGGGTTTATTAC	58	TGCGTGCAAGGTACACACTGCCCGA	58	GGCCAAGGGACACGACTGGAGATTAAAC	58	DVVMTQSPLSLPVTLGQPASISCRSS	QSLVYSDGNTY	LNWFQQRPGQSPRRLIY	KVS	NRDSGVPDRFSGSGSGTDFTLKISRVEAEDVGVYY	CVQG_HTAR	GQGTRLEIK_	::::0:78:111:162:171:276:-3:299:::::301:-10:301:329::	IGK
5	7	GCTTCCATCGGTGTCG	573.0	0.07011747430249633	66	0.048280907095830286	CAGTCTGCCCTGACTCAGCCCGCCTCCGTGTCTGGGTCTCCTGGACAGTCGATCACCATCTCCTGCACTGGAACCAGCAATGACATTGGTGGTTATAACTATGTCTCCTGGTACCAACAACACCCAGGCAAAGCCCCCAAACTCTTGATTTATGATGTCAGTCATCGGCCCTCAGGGGTTTCTAATCGCTTCTCTGCCTCCAAGTCTGGCAACACGGCCTCCCTGACCATCTCTGGCCTCCAGGCTGACGACGAGGCTGATTATTACTGCATTTCATATACAACCAGCAGGACTCGGGTGTTCGGCGAAGGGACCAAGCTGACCGTCCTAA	[[[[[[[[[[[[[[[[[[[[[[[[[[[[[[[[[[[[[[[[[[[[[[[[[[[[[[[[[[[[[[[[[[[[[[[[[[[[[[[[[[[[[[[[[[[[[[[[[[[[[[[[[[[[[[[[[[[[[[[[[[[[[[[[[[[[[[[[[[[[[[[[[[[[[[[[[[[[[[[[[[[[[[[[[[[[[[[[[[[[[[[[[[[[[[[[[[[[[[[[[[[[[[[[[[[[[[[[[[[[[[[[[[[[[[[[[[[[[[[[[[[[[[[[[[[[[[[[[[[[[[[[[[[[[[[[[[[[[[[[[[[[[[[[[[[[[[[[[[[[[[[[[[[[[[[[[[[[[[[[[[[[[[[[[[[	IGLV2-14*00(3297.2),IGLV2-23*00(2850.8)		IGLJ3*00(301.6)	IGLC3*00(1210.8),IGLC2*00(1179.1)	77|372|394|0|295|ST97CSG156ASG161ASG196ASA221TSA239CSG273CSG313CSG325CSG348TSC349TSG360CSC367G|2573.0;344|359|394|267|282|ST347ASG348TSC349TSG356A|34.0		22|58|58|295|331|SG34ASG57A|302.0	;	CAGTCTGCCCTGACTCAGCCCGCCTCCGTGTCTGGGTCTCCTGGACAGTCGATCACCATCTCCTGCACTGGAACC	58	AGCAATGACATTGGTGGTTATAACTAT	58	GTCTCCTGGTACCAACAACACCCAGGCAAAGCCCCCAAACTCTTGATTTAT	58	GATGTCAGT	58	CATCGGCCCTCAGGGGTTTCTAATCGCTTCTCTGCCTCCAAGTCTGGCAACACGGCCTCCCTGACCATCTCTGGCCTCCAGGCTGACGACGAGGCTGATTATTAC	58	TGCATTTCATATACAACCAGCAGGACTCGGGTGTTC	58	GGCGAAGGGACCAAGCTGACCGTCCTAA	58	QSALTQPASVSGSPGQSITISCTGT	SNDIGGYNY	VSWYQQHPGKAPKLLIY	DVS	HRPSGVSNRFSASKSGNTASLTISGLQADDEADYY	CISYTTSRTRVF	GEGTKLTVL_	::::0:75:102:153:162:267:-2:295:::::295:-2:303:331::	IGL
6	4	ACTTTCATCAGGTTCA	418.0	0.05115026921194322	37	0.027066569129480616	GACATCGTGATGACCCAGTCTCCAGACTCCCTGGCTGTGTCTCTGGGCGAGAGGGCCACCATCAACTGCAAGTCCAGCCAGAGTGTTTTATACAGCTCCAACAATAAGAACTACTTAGCTTGGTACCAGCAGAAACCAGGACAGCCTCCTAAGCTGCTCATTTACTGGGCATCTACCCGGGAATCCGGGGTCCCTGACCGATTCAGTGGCAGCGGGTCTGGGACAGATTTCACTCTCACCATCAGCAGCCTGCAGGCTGAAGATGTGGCAGTTTATTACTGTCAGCAATATTATAGTACTCCACCTTGGACGTTCGGCCAAGGGACCAAGGTGGAAATCAAAC	[[[[[[[[[[[[[[[[[[[[[[[[[[[[[[[[[[[[[[[[[[[[[[[[[[[[[[[[[[[[[[[[[[[[[[[[[[[[[[[[[[[[[[[[[[[[[[[[[[[[[[[[[[[[[[[[[[[[[[[[[[[[[[[[[[[[[[[[[[[[[[[[[[[[[[[[[[[[[[[[[[[[[[[[[[[[[[[[[[[[[[[[[[[[[[[[[[[[[[[[[[[[[[[[[[[[[[[[[[[[[[[[[[[[[[[[[[[[[[[[[[[[[[[[[[[[[[[[[[[[[[[[[[[[[[[[[[[[[[[[[[[[[[[[[[[[[[[[[[[[[[[[[[[[[[[[[[[[[[[[[[[[[[[[[[[[[[[[[[[[[[[	IGKV4-1*00(3821)		IGKJ1*00(370)	IGKC*00(680)	80|385|405|0|305|ST382A|3021.0		21|58|58|306|343||370.0		GACATCGTGATGACCCAGTCTCCAGACTCCCTGGCTGTGTCTCTGGGCGAGAGGGCCACCATCAACTGCAAGTCCAGC	58	CAGAGTGTTTTATACAGCTCCAACAATAAGAACTAC	58	TTAGCTTGGTACCAGCAGAAACCAGGACAGCCTCCTAAGCTGCTCATTTAC	58	TGGGCATCT	58	ACCCGGGAATCCGGGGTCCCTGACCGATTCAGTGGCAGCGGGTCTGGGACAGATTTCACTCTCACCATCAGCAGCCTGCAGGCTGAAGATGTGGCAGTTTATTAC	58	TGTCAGCAATATTATAGTACTCCACCTTGGACGTTC	58	GGCCAAGGGACCAAGGTGGAAATCAAAC	58	DIVMTQSPDSLAVSLGERATINCKSS	QSVLYSSNNKNY	LAWYQQKPGQPPKLLIY	WAS	TRESGVPDRFSGSGSGTDFTLTISSLQAEDVAVYY	CQQYYSTPPWTF	GQGTKVEIK_	::::0:78:114:165:174:279:0:305:::::306:-1:315:343::	IGK
8	6	CCTACCATCGGAGGTA	243.0	0.02973568281938326	18	0.013167520117044623	CAGTCTGCCCTGACTCAGCCTGCCTCCGTGTCTGGGTCTCCTGGACAGTCGATCACCATCTCCTGCACTGGAACCAGCAGTGATGTTGGGAGTTATAACCTTGTCTCCTGGTACCAACAGCACCCAGGCAAAGCCCCCAAACTCATGATTTATGAGGGCAGTAAGCGGCCCTCAGGGGTTTCTAATCGCTTCTCTGCAGGACGAGGCTGATTATTACTGCTGCTCATATGCAGGTAGTAGCACTTTGGTGTTCGGCGGAGGGACCAAGCTGACCGTCCTAG	[[[[[[[[[[[[[[[[[[[[[[[[[[[[[[[[[[[[[[[[[[[[[[[[[[[[[[[[[[[[[[[[[[[[[[[[[[[[[[[[[[[[[[[[[[[[[[[[[[[[[[[[[[[[[[[[[[[[[[[[[[[[[[[[[[[[[[[[[[[[[[[[[[[[[[[[[[[[[[[[[[[[[[[[[[[[[[[[[[[[[[[[[[[[[[[[[[[[[[[[[[[[[[[[[[[[[[[[[[[[[[[[[[[[[[[[[[[[[[[[[[[[[[[[[[[[[[[[[[[[[[[[[[[[[[[[[[[[[[[[[	IGLV2-23*00(2542),IGLV2-14*00(2087)		IGLJ3*00(351)	IGLC3*00(1055),IGLC2*00(1041)	77|370|394|0|243|ST234GSG273CDC274DT275DC276DC277DA278DA279DG280DT281DC282DT283DG284DG285DC286DA287DA288DC289DA290DC291DG292DG293DC294DC295DT296DC297DC298DC299DT300DG301DA302DC303DA304DA305DT306DC307DT308DC309DT310DG311DG312DG313DC314DT315DC316DC317DA318DG319DG320DC321DT322DG323|1801.0;344|371|394|217|244|SA347TSA356GSA359GSC361TSC364T|125.0		20|58|58|243|281|SG22T|352.0	;	CAGTCTGCCCTGACTCAGCCTGCCTCCGTGTCTGGGTCTCCTGGACAGTCGATCACCATCTCCTGCACTGGAACC	58	AGCAGTGATGTTGGGAGTTATAACCTT	58	GTCTCCTGGTACCAACAGCACCCAGGCAAAGCCCCCAAACTCATGATTTAT	58	GAGGGCAGT	58	AAGCGGCCCTCAGGGGTTTCTAATCGCTTCTCTGCAGGACGAGGCTGATTATTAC	58	TGCTGCTCATATGCAGGTAGTAGCACTTTGGTGTTC	58	GGCGGAGGGACCAAGCTGACCGTCCTAG	58	QSALTQPASVSGSPGQSITISCTGT	SSDVGSYNL	VSWYQQHPGKAPKLMIY	EGS	KRPSGVSNR_SLQDEADYY	CCSYAGSSTLVF	GGGTKLTVL_	::::0:75:102:153:162:217:-4:243:::::243:0:253:281::	IGL
7	0	CGCGGTATCGGCTTGG	212.0	0.02594224180127264	25	0.018288222384784197	CAGTCTGTGCTGACGCAGCCGCCCTCAGTGTCTGGGGCCCCAGGGCAGAGTGTCACCATCTCCTGCACTGGGAGCAGCTCCAACATTGGGGCAGGTTTTGATGTTCAGTGGTACCAACAACTACCACGAACAGCCCCCAAACTCCTCATCTATGGTAACACCAATCGACCCTCAGGGGTCCCTGACCGATTCTCTGGCTCCAAGTCTGGCACCTCAGCCTCCCTGGTCATCACTGGCCTCCAGGTTGAAGATGAGGCTGTCTTTTACTGCCAGTCTTATGACATGAGACTGAGTACCACTGTGTTCGGAGGGGGCACCCAGCTGACCGTCCTCG	[[[[[[[[[[[[[[[[[[[[[[[[[[[[[[[[[[[[[[[[[[[[[[[[[[[[[[[[[[[[[[[[[[[[[[[[[[[[[[[[[[[[[[[[[[[[[[[[[[[[[[[[[[[[[[[[[[[[[[[[[[[[[[[[[[[[[[[[[[[[[[[[[[[[[[[[[[[[[[[[[[[[[[[[[[[[[[[[[[[[[[[[[[[[[[[[[[[[[[[[[[[[[[[[[[[[[[[[[[[[[[[[[[[[[[[[[[[[[[[[[[[[[[[[[[[[[[[[[[[[[[[[[[[[[[[[[[[[[[[[[[[[[[[[[[[[[[[[[[[[[[[[[[[[[[[[[[[[[[[[[[[[[[[[[[[[[[	IGLV1-40*00(3072),IGLV1-50*00(2861)		IGLJ7*00(331)	IGLC7*00(1055)	77|371|396|0|294|SG127TSC163TSA174TSA181TSC184GSG193ASG196AST199ASG203CSG237CSG244ASC303TSG313CSC321TSG325ASA336TST337CSA339TSC352TSG360TSC361GSC364A|2302.0;344|347|396|267|270||30.0		22|58|58|298|334|SA35G|331.0		CAGTCTGTGCTGACGCAGCCGCCCTCAGTGTCTGGGGCCCCAGGGCAGAGTGTCACCATCTCCTGCACTGGGAGC	58	AGCTCCAACATTGGGGCAGGTTTTGAT	58	GTTCAGTGGTACCAACAACTACCACGAACAGCCCCCAAACTCCTCATCTAT	58	GGTAACACC	58	AATCGACCCTCAGGGGTCCCTGACCGATTCTCTGGCTCCAAGTCTGGCACCTCAGCCTCCCTGGTCATCACTGGCCTCCAGGTTGAAGATGAGGCTGTCTTTTAC	58	TGCCAGTCTTATGACATGAGACTGAGTACCACTGTGTTC	58	GGAGGGGGCACCCAGCTGACCGTCCTCG	58	QSVLTQPPSVSGAPGQSVTISCTGS	SSNIGAGFD	VQWYQQLPRTAPKLLIY	GNT	NRPSGVPDRFSGSKSGTSASLVITGLQVEDEAVFY	CQSYDMRLSTTVF	GGGTQLTVL_	::::0:75:102:153:162:267:-5:294:::::298:-2:306:334::	IGL
9	6	CCTACCATCGGAGGTA	174.0	0.021292217327459617	19	0.013899049012435992	CAGCTGCAACTGCAGGAGTCGGGCCCAGGACTGGTGAAGCCTTCGGAGACCCTGCCCCTCACCTGCACTGTTTCTGGTGGCTCCCTCAGTAGTAGTAATTACTACTGGGGCTGGATCCGCCTGCCCCCAGGGAAGGGTCTGGAGTGGATCGGAAATATCCCTTATAGTGGGAAAACATATAACAATCCGTCCCTCAGGAGTCGAGTCACCATATCCGTGGACACGTCCAGGAACCAGTTCTCCCTGAGGTTGAGTTCTGTGACCGCCGCAGACACGGCTGTGTATTACTGTGCGAGAGGTTTGCACACTGGTAACACGGGCTATTGGTTCGATCTTTGGGGCCAGGGAACCCACGTCACCGTCTCCTCAG	[[[[[[[[[[[[[[[[[[[[[[[[[[[[[[[[[[[[[[[[[[[[[[[[[[[[[[[[[[[[[[[[[[[[[[[[[[[[[[[[[[[[[[[[[[[[[[[[[[[[[[[[[[[[[[[[[[[[[[[[[[[[[[[[[[[[[[[[[[[[[[[[[[[[[[[[[[[[[[[[[[[[[[[[[[[[[[[[[[[[[[[[[[[[[[[[[[[[[[[[[[[[[[[[[[[[[[[[[[[[[[[[[[[[[[[[[[[[[[[[[[[[[[[[[[[[[[[[[[[[[[[[[[[[[[[[[[[[[[[[[[[[[[[[[[[[[[[[[[[[[[[[[[[[[[[[[[[[[[[[[[[[[[[[[[[[[[[[[[[[[[[[[[[[[[[[[[[[[[[[[[[[[[[[[[	IGHV4-30-4*00(2958),IGHV4-39*00(2957),IGHV4-38-2*00(2505)	IGHD6-19*00(38),IGHD4-23*00(35)	IGHJ5*00(315)	IGHG1*00(905)	77|375|396|0|298|SG80CSG85ASA121GSC122GST131CSC148TSA161CSC166TSG170ASG173ASA185GST187CSA198TSC214TST226CSG229AST230ASC232TST236CSA237CSC241TSG249ASC250ASC253ASC256TST257ASC262TSA273GST283CSA292CSA295GSA306GSA324GSC326TSC331TST340CSC355TSC370G|1878.0;365|374|396|288|297||90.0;362|372|393|288|298||100.0	8|27|63|305|324|SC13GDT16SC19AI24C|38.0;28|35|57|308|315||35.0	25|71|71|324|370|SC33TSC35TSC36TST53ASG54C|315.0		CAGCTGCAACTGCAGGAGTCGGGCCCAGGACTGGTGAAGCCTTCGGAGACCCTGCCCCTCACCTGCACTGTTTCT	58	GGTGGCTCCCTCAGTAGTAGTAATTACTAC	58	TGGGGCTGGATCCGCCTGCCCCCAGGGAAGGGTCTGGAGTGGATCGGAAAT	58	ATCCCTTATAGTGGGAAAACA	58	TATAACAATCCGTCCCTCAGGAGTCGAGTCACCATATCCGTGGACACGTCCAGGAACCAGTTCTCCCTGAGGTTGAGTTCTGTGACCGCCGCAGACACGGCTGTGTATTAC	58	TGTGCGAGAGGTTTGCACACTGGTAACACGGGCTATTGGTTCGATCTTTGG	58	GGCCAGGGAACCCACGTCACCGTCTCCTCAG	58	QLQLQESGPGLVKPSETLPLTCTVS	GGSLSSSNYY	WGWIRLPPGKGLEWIGN	IPYSGKT	YNNPSLRSRVTISVDTSRNQFSLRLSSVTAADTAVYY	CARGLHTGNTGYWFDLW	GQGTHVTVSS_	::::0:75:105:156:177:288:-1:298:305:13:-15:324:324:-5:339:370::	IGH
10	5	GGGCACTTCACGACTA	170.0	0.020802741067058247	136	0.09948792977322604	GAAGTGCAGCTGGTGGAGTCTGGGGGAGGCTTGGTACAGCCTGGCAGGTCCCTGAGACTCTCCTGTGCAGCCTCTGGATTCTTTTTTGATGATTATGCCATGCACTGGGTCCGGCAAGCTCCAGGGAAGGGCCTGGAGTGGGTCTCAGGTATTAGTTGGAAGAGTGGTGACATAGGCTATGCGGACTCTGTGAAGGGCCGGTTCACCATCTCCAGAGACAACGCCAAGAACTCCCTGTATCTGCAAATGAACAGTCTGAGAGCTGAGGACACGGCCTTCTATTACTGTGCAAAGGCTAGCCGCCCTGATTATTACTACTACTTCGGTATGGACGTCTGGGGCCAAGGGACCGCGGTCACCGTCTCCTCTG	[[[[[[[[[[[[[[[[[[[[[[[[[[[[[[[[[[[[[[[[[[[[[[[[[[[[[[[[[[[[[[[[[[[[[[[[[[[[[[[[[[[[[[[[[[[[[[[[[[[[[[[[[[[[[[[[[[[[[[[[[[[[[[[[[[[[[[[[[[[[[[[[[[[[[[[[[[[[[[[[[[[[[[[[[[[[[[[[[[[[[[[[[[[[[[[[[[[[[[[[[[[[[[[[[[[[[[[[[[[[[[[[[[[[[[[[[[[[[[[[[[[[[[[[[[[[[[[[[[[[[[[[[[[[[[[[[[[[[[[[[[[[[[[[[[[[[[[[[[[[[[[[[[[[[[[[[[[[[[[[[[[[[[[[[[[[[[[[[[[[[[[[[[[[[[[[[[[[[[[[[[[[[[[[[[	IGHV3-9*00(3468)	IGHD6-25*00(35),IGHD2-21*00(30)	IGHJ6*00(439)	IGHG1*00(910)	77|370|395|0|293|SA158TSC159TSC160TST238GSA245GSG246ASA277GSG355C|2698.0	1|8|54|296|303||35.0;25|31|84|294|300||30.0	20|83|83|307|370|SC24TSA35TSA64GSA81T|514.0		GAAGTGCAGCTGGTGGAGTCTGGGGGAGGCTTGGTACAGCCTGGCAGGTCCCTGAGACTCTCCTGTGCAGCCTCT	58	GGATTCTTTTTTGATGATTATGCC	58	ATGCACTGGGTCCGGCAAGCTCCAGGGAAGGGCCTGGAGTGGGTCTCAGGT	58	ATTAGTTGGAAGAGTGGTGACATA	58	GGCTATGCGGACTCTGTGAAGGGCCGGTTCACCATCTCCAGAGACAACGCCAAGAACTCCCTGTATCTGCAAATGAACAGTCTGAGAGCTGAGGACACGGCCTTCTATTAC	58	TGTGCAAAGGCTAGCCGCCCTGATTATTACTACTACTTCGGTATGGACGTCTGG	58	GGCCAAGGGACCGCGGTCACCGTCTCCTCTG	58	EVQLVESGGGLVQPGRSLRLSCAAS	GFFFDDYA	MHWVRQAPGKGLEWVSG	ISWKSGDI	GYADSVKGRFTISRDNAKNSLYLQMNSLRAEDTAFYY	CAKASRPDYYYYFGMDVW	GQGTAVTVSS_	::::0:75:99:150:174:285:-5:293:296:17:-28:303:307:0:339:370::	IGH
11	4	ACTTTCATCAGGTTCA	154.0	0.018844836025452765	15	0.010972933430870519	CAGGTGCAGCTGGTGGAGTCTGGGGGAGGCGTGGTCCAGCCTGGGAGGTCCCTGAGACTCTCCTGTGCAGCGTCTGGATTCACCTTCAGTAGCTATGGCATGCACTGGGTCCGCCAGGCTCCAGGCAAGGGGCTGGAGTGGGTGGCAGTTATATGGTATGATGGAAGTAATAAATACTATGCAGACTCCGTGAAGGGCCGATTCACCATCTCCAGAGACAATTCCAAGAACACGCTGTATCTGCAAATGAACAGCCTGAGAGCCGAGGACACGGCTGTGTATTACTGTGCGAGAGATGATGGTATAGCAGCTCATTGGGATTCTAACTACTTTGACTACTGGGGCCAGGGAACCCTGGTCACCGTCTCCTCAG	[[[[[[[[[[[[[[[[[[[[[[[[[[[[[[[[[[[[[[[[[[[[[[[[[[[[[[[[[[[[[[[[[[[[[[[[[[[[[[[[[[[[[[[[[[[[[[[[[[[[[[[[[[[[[[[[[[[[[[[[[[[[[[[[[[[[[[[[[[[[[[[[[[[[[[[[[[[[[[[[[[[[[[[[[[[[[[[[[[[[[[[[[[[[[[[[[[[[[[[[[[[[[[[[[[[[[[[[[[[[[[[[[[[[[[[[[[[[[[[[[[[[[[[[[[[[[[[[[[[[[[[[[[[[[[[[[[[[[[[[[[[[[[[[[[[[[[[[[[[[[[[[[[[[[[[[[[[[[[[[[[[[[[[[[[[[[[[[[[[[[[[[[[[[[[[[[[[[[[[[[[[[[[[[[[[[[	IGHV3-33*00(3740),IGHV3-30*00(3595),IGHV3-30-3*00(3508)	IGHD6-6*00(60),IGHD6-13*00(55),IGHD6-25*00(55)	IGHJ4*00(480)	IGHM*00(300)	77|374|393|0|297||2970.0;362|374|393|285|297|SA369G|91.0;362|374|393|285|297||120.0	20|32|54|301|313||60.0;22|33|63|300|311||55.0;19|30|54|300|311||55.0	20|68|68|325|373||480.0		CAGGTGCAGCTGGTGGAGTCTGGGGGAGGCGTGGTCCAGCCTGGGAGGTCCCTGAGACTCTCCTGTGCAGCGTCT	58	GGATTCACCTTCAGTAGCTATGGC	58	ATGCACTGGGTCCGCCAGGCTCCAGGCAAGGGGCTGGAGTGGGTGGCAGTT	58	ATATGGTATGATGGAAGTAATAAA	58	TACTATGCAGACTCCGTGAAGGGCCGATTCACCATCTCCAGAGACAATTCCAAGAACACGCTGTATCTGCAAATGAACAGCCTGAGAGCCGAGGACACGGCTGTGTATTAC	58	TGTGCGAGAGATGATGGTATAGCAGCTCATTGGGATTCTAACTACTTTGACTACTGG	58	GGCCAGGGAACCCTGGTCACCGTCTCCTCAG	58	QVQLVESGGGVVQPGRSLRLSCAAS	GFTFSSYG	MHWVRQAPGKGLEWVAV	IWYDGSNK	YYADSVKGRFTISRDNSKNTLYLQMNSLRAEDTAVYY	CARDDGIAAHWDSNYFDYW	GQGTLVTVSS_	::::0:75:99:150:174:285:1:297:301:-2:-4:313:325:0:342:373::	IGH
12	1	GGCAATTCAAGGCTCC	153.0	0.018722466960352423	19	0.013899049012435992	GACATCAAGATGACCCAGTCTCCATCTTCCCTGTCTGCTTCTGTAGGAGACAGAGTCACCATCACTTGCCGGGCGAGTCAGGTCATTGGCCATTATTTGGCCTGGTATCAGCAGAAGCCAGGGAAAGTTCCTGAGCTCCTGATCTATGATGCATCCATTTTGAAATCAGGGGTCCCATCTCGGTTCAGTGGCAGTCTATCTGGAACAGATTTCACTCTCACCATCAGCAGCCTGCAGCCTGAAGATTCTGTCAAAAGTATAACAGTGCCCCGTGGACTTTCGGCCAAGGGACCAAGGTAGAACTCAAAC	[[[[[[[[[[[[[[[[[[[[[[[[[[[[[[[[[[[[[[[[[[[[[[[[[[[[[[[[[[[[[[[[[[[[[[[[[[[[[[[[[[[[[[[[[[[[[[[[[[[[[[[[[[[[[[[[[[[[[[[[[[[[[[[[[[[[[[[[[[[[[[[[[[[[[[[[[[[[[[[[[[[[[[[[[[[[[[[[[[[[[[[[[[[[[[[[[[[[[[[[[[[[[[[[[[[[[[[[[[[[[[[[[[[[[[[[[[[[[[[[[[[[[[[[[[[[[[[[[[[[[[[[[[[[[[[[[[[[[[[[[[[[[[[[[[[[[[[[[[[[[[[[[[[[[	IGKV1D-27*00(3150),IGKV1-27*00(3149)		IGKJ1*00(303)	IGKC*00(1205)	86|369|392|0|269|SC92ASC112TSA124TSG168TSA173GSA176CSA184GSA202GSA218GSC234ASG242ASC243TSC248ADG258SG282CSG283TSG290ASG333TST334CDC337DA338DA339DC340DT341DT342DA343DT344DT345DA346DC347DT348DG349|1932.0;347|370|393|248|271||230.0		18|58|58|269|309|SA18CSG26TSG47ASA51C|304.0		GACATCAAGATGACCCAGTCTCCATCTTCCCTGTCTGCTTCTGTAGGAGACAGAGTCACCATCACTTGCCGGGCGAGT	58	CAGGTCATTGGCCATTAT	58	TTGGCCTGGTATCAGCAGAAGCCAGGGAAAGTTCCTGAGCTCCTGATCTAT	58	GATGCATCC	58	ATTTTGAAATCAGGGGTCCCATCTCGGTTCAGTGGCAGTCTATCTGGAACAGATTTCACTCTCACCATCAGCAGCCTGCAGCCTGAAGATTC	58	TGTCAAAAGTATAACAGTGCCCCGTGGACTTTC	58	GGCCAAGGGACCAAGGTAGAACTCAAAC	58	DIKMTQSPSSLSASVGDRVTITCRAS	QVIGHY	LAWYQQKPGKVPELLIY	DAS	ILKSGVPSRFSGSLS_NRFHSHHQQPAA*RF	CQKYNSAPWTF	GQGTKVELK_	::::0:78:96:147:156:248:-3:269:::::269:2:281:309::	IGK
13	3	GCGGGTTGTCTCTCTG	62.0	0.0075868820362212435	3	0.0021945866861741038	GGGTTGAGGCTGGTGGAGTCTGGGGGGGGCTTGGCGCAGCCTGGAGGGTCCCTGAGACTCTCCTGTTTAGCGTCTGGATTCACCTTCAAGAATTATGAAATGAATTGGGTCCGCCAGGCTCCAGGGAAGGGACTGGAGTGGGTCTCTCACATTAGTGGGAGTGGCGGCACAACACACTATTCAGCCTCTCTGAGGGGCCGATTCACCATCTCCAGAGACAACGCCAAGAGTGAACTTTATCTCCAAGTGAGCAGCCTGAGAGCCGAGGACACAGGTATTTATTACTGTGCGAGAGATGATTACCCGCGGCACTTTGAGTCCTGGGGCCAGGGAACCCTGGTCATCGTCTCCTCAG	[9[9[[***[[[[[[[[[[[[[[[[[[[[[[[[[[[[[[[[[[[[[[[[[[[[[[[[[[[[[[[[[[[[[[[[[[[[[[[[[[[[[[[[[[[[[[[[[[[[[[[[[[[[[[[[[[[[[[[[[[[[[[[[[[[[[[[[[[[[[[[[[[[[[[[[[[[[[[[[[[[[[[[[[[[[[[[[[[[[[[[[[[[[[[[[[[[[[[[[[[[[[[[[[[[[[[[[[[[[[[[[[[[[[[[[[[[[[[[[[[[[[[[[[[[[[[[[[[[[[[[[[[[[[[[[[[[[[[[[[[[[[[[[[[[[[[[[[[[[[[[[[[[[[[[[[[[[[[[[[[[[[[[[[[[[[[[[[[[[[[[[[99[9[9[[[	IGHV3-48*00(1322),IGHV3-11*00(1260),IGHV3-21*00(1090)	IGHD3-16*00(30),IGHD5-18*00(30),IGHD6-13*00(30)	IGHJ4*00(363)	IGHG1*00(1430)	77|374|393|0|297|SA78GSG80TSC83ASA84GSA103GST111CSA112GSG121ASG143TSC144TSC148GSG165AST166GSG168ASC169TSA173GSG174ASC175ASC181TSG208AST220CSA223TST224CSA233GST235GSA239GST241CSA242GST244CSC247AST249CST251CSC256TSG257TSA261CSG266CSA270GST298CSA306GSC307TST308GSC309ASG313TSG319CSA323GSA327GSA339CSG349ASC351GSG353ASG355T|1491.0;362|374|393|285|297||120.0;362|374|393|285|297||120.0	44|50|111|297|303||30.0;40|46|69|297|303||30.0;16|22|63|300|306||30.0	23|68|68|310|355|SC30GSA32CSC56T|363.0		GGGTTGAGGCTGGTGGAGTCTGGGGGGGGCTTGGCGCAGCCTGGAGGGTCCCTGAGACTCTCCTGTTTAGCGTCT	9	GGATTCACCTTCAAGAATTATGAA	58	ATGAATTGGGTCCGCCAGGCTCCAGGGAAGGGACTGGAGTGGGTCTCTCAC	58	ATTAGTGGGAGTGGCGGCACAACA	58	CACTATTCAGCCTCTCTGAGGGGCCGATTCACCATCTCCAGAGACAACGCCAAGAGTGAACTTTATCTCCAAGTGAGCAGCCTGAGAGCCGAGGACACAGGTATTTATTAC	58	TGTGCGAGAGATGATTACCCGCGGCACTTTGAGTCCTGG	58	GGCCAGGGAACCCTGGTCATCGTCTCCTCAG	24	GLRLVESGGGLAQPGGSLRLSCLAS	GFTFKNYE	MNWVRQAPGKGLEWVSH	ISGSGGTT	HYSASLRGRFTISRDNAKSELYLQVSSLRAEDTGIYY	CARDDYPRHFESW	GQGTLVIVSS_	::::0:75:99:150:174:285:1:297:297:-7:-24:303:310:-3:324:355::	IGH
14	3	GCGGGTTGTCTCTCTG	62.0	0.0075868820362212435	5	0.0036576444769568397	TCTTTTGAGTTGACTCAGGACCCTGCTGTGTCTGTGACCCTGGGCCAGACAGTCAGGATCACATGCCAAGGAGACAGTCTCAGAAATTATTATGCAAACTGGTACCAGCAGAAGCCAGGGCAGGCCCCTCTACTTCTCATATATAATAGATATAATCGGCCCTCCGGGATTCCAGACCGGTTCTCTGGTTCCAACTCAGGAGACACAGCTTCCTTGACCATCACTCGGACTCAGGCGGACGATGAGGCTGACTATTACTGTAACATCGTGGACAGAAGTTATAACCGATTTTTCGGCGGAGGGACCAAGCTGACCGTCCTAG	[[[CCCC[C[[[[[[[[[[[[[[[[[[[[[[[[[[[[[[[[[[[[[[[[[[[[[[[[[[[[[[[[[[[[[[[[[[[[[[[[[[[[[[[[[[[[[[[[[[[[[[[[[[[[[[[[[[[[[[[[[[[[[[[[[[[[[[[[[[[[[[[[[[[[[[[[[[[[[[[[[[[[[[[[[[[[[[[[[[[[[[[[[[[[[[[[[[[[[[[[[[[[[[[[[[[[[[[[[[[[[[[[[[[[[[[[[[[[[[[[[[[[[[[[[[[[[[[[[[[[[[[[[[[[[[[[[[[[[[[[[[[[[[[[[[[[[[[[[[[[[[[[[[[[[[[[[[[[[[[[[	IGLV3-19*00(1963)		IGLJ2*00(310),IGLJ3*00(310)	IGLC3*00(1055),IGLC2*00(1041)	77|363|387|0|286|SC81TSC86TSG113AST116CSA121CSC154TSG162ASC163TSG174ASA196GSG206CSG212CSC217ASG221ASG222ASA225GSA227TSC229TSC232TSA241CSC247TSA256GSC265TSG270ASA278GSG302CSG305ASA316CST341ASC342TSC344GSG345TSC352ASG356TSG357A|1845.0		27|58|58|291|322||310.0;27|30|58|291|294||30.0	;	TCTTTTGAGTTGACTCAGGACCCTGCTGTGTCTGTGACCCTGGGCCAGACAGTCAGGATCACATGCCAAGGAGAC	34	AGTCTCAGAAATTATTAT	58	GCAAACTGGTACCAGCAGAAGCCAGGGCAGGCCCCTCTACTTCTCATATAT	58	AATAGATAT	58	AATCGGCCCTCCGGGATTCCAGACCGGTTCTCTGGTTCCAACTCAGGAGACACAGCTTCCTTGACCATCACTCGGACTCAGGCGGACGATGAGGCTGACTATTAC	58	TGTAACATCGTGGACAGAAGTTATAACCGATTTTTC	58	GGCGGAGGGACCAAGCTGACCGTCCTAG	58	SFELTQDPAVSVTLGQTVRITCQGD	SLRNYY	ANWYQQKPGQAPLLLIY	NRY	NRPSGIPDRFSGSNSGDTASLTITRTQADDEADYY	CNIVDRSYNRFF	GGGTKLTVL_	::::0:75:93:144:153:258:-4:286:::::291:-7:294:322::	IGL
15	2	CATATTCAGTCACGCC	60.0	0.007342143906020558	5	0.0036576444769568397	CAGTCTGCCCTGACTCAGCCTCGCTCAGTGTCCGGGTCTCCTGGACAGTCAGTCACCATCTCTTGCACTGGAACCAGCAGTGATGTTGGTAATTATGACTCTGTCTCCTGGTACCAACAGCACCCAGGCAAAGCCCCCAAACTCATGATTTATGATGTCAATAAGCGGCCCTCAGGGGTCCCTGATCGCTTCTCTGCCTCCAAGTCTGGCAACACGGCCTCCCTGACCATCTCTGGGCTCCAGGCTGAGGATGAGGCTGATTATTACTGCTGTTCATATGCAGGCAGCTACCTTTATGTCTTCGGAACTGGGACCACGGTCACCGTCCTAC	[[[[[[[[[[[[[[[[[[[[[[[[[[[[[[[[[[[[[[[[[[[[[[[[[[[[[[[[[[[[[[[[[[[[[[[[[[[[[[[[[[[[[[[[[[[[[[[[[[[[[[[[[[[[[[[[[[[[[[[[[[[[[[[[[[[[[[[[[[[[[[[[[[[[[[[[[[[[[[[[[[[[[[[[[[[[[[[[[[[[[[[[[[[[[[[[[[[[[[[[[[[[[[[[[[[[[[[[[[[[[[[[[[[[[[[[[[[[[[[[[[[[[[[[[[[[[[[[[[[[[[[[[[[[[[[[[[[[[[[[[[[[[[[[[[[[[[[[[[[[[[[[[[[[[[[[[[[[[[[[[[[[[[[[[[[	IGLV2-11*00(3448),IGLV2-8*00(3042),IGLV2-23*00(2828)		IGLJ1*00(322)	IGLC1*00(1055)	77|368|394|0|291|SC139TSG167ASG168ASA173GSA177CSG237ASG273CSC349T|2678.0;344|368|394|267|291|SA347TSC349TSA365T|153.0;344|364|394|267|287|SC349TST361C|142.0		20|58|58|293|331|SA43CSG57C|322.0		CAGTCTGCCCTGACTCAGCCTCGCTCAGTGTCCGGGTCTCCTGGACAGTCAGTCACCATCTCTTGCACTGGAACC	58	AGCAGTGATGTTGGTAATTATGACTCT	58	GTCTCCTGGTACCAACAGCACCCAGGCAAAGCCCCCAAACTCATGATTTAT	58	GATGTCAAT	58	AAGCGGCCCTCAGGGGTCCCTGATCGCTTCTCTGCCTCCAAGTCTGGCAACACGGCCTCCCTGACCATCTCTGGGCTCCAGGCTGAGGATGAGGCTGATTATTAC	58	TGCTGTTCATATGCAGGCAGCTACCTTTATGTCTTC	58	GGAACTGGGACCACGGTCACCGTCCTAC	58	QSALTQPRSVSGSPGQSVTISCTGT	SSDVGNYDS	VSWYQQHPGKAPKLMIY	DVN	KRPSGVPDRFSASKSGNTASLTISGLQAEDEADYY	CCSYAGSYLYVF	GTGTTVTVL_	::::0:75:102:153:162:267:-6:291:::::293:0:303:331::	IGL
17	2	CATATTCAGTCACGCC	42.0	0.005139500734214391	6	0.0043891733723482075	CAGATCACCTTGAAGGAGTCTGGTCCGACGCTGCTGAAACCCACACAGACCCTCACGCTGACCTGCACCGTCTCTGGCTTCTCACTCAGCACTAGTGCAGTGCGTGTGGGCTGGATCCGTCAGCCCCCAGGAAAGGCCCTGGAGTGGCTTGCACTCATTTATTACAATGATGATAAGCGCTACAGCCCATCTCTGAAGAGCAGGCTCACCATCACCAAGGACACCTCCAAAAACCAGGTGGTCCTCACAATGACCGACATGGACCCTGGGGACACAGCCACATATTACTGTGCACACGGGTCTAATAAGTCGTTTGGATTCTGGGGCCAGGGAACCCTGGTCACCGTCTCCTCAG	[[[[[[[[[[[[[[[[[[[[[[[[[[[[[[[[[[[[[[[[[[[[[[[[[[[[[[[[[[[[[[[[[[[[[[[[[[[[[[[[[[[[[[[[[[[[[[[[[[[[[[[[[[[[[[[[[[[[[[[[[[[[[[[[[[[[[[[[[[[[[[[[[[[[[[[[[[[[[[[[[[[[[[[[[[[[[[[[[[[[[[[[[[[[[[[[[[[[[[[[[[[[[[[[[[[[[[[[[[[[[[[[[[[[[[[[[[[[[[[[[[[[[[[[[[[[[[[[[[[[[[[[[[[[[[[[[[[[[[[[[[[[[[[[[[[[[[[[[[[[[[[[[[[[[[[[[[[[[[[[[[[[[[[[[[[[[[[[[[[[[[[[[[[[[[[[[[[	IGHV2-5*00(3363)	IGHD3-3*00(36),IGHD3-10*00(31)	IGHJ4*00(350),IGHJ5*00(350)	IGHM*00(355)	77|374|398|0|297|ST103GSG110CST146GSG154CSG174CSG179CSG240ASG241CSG242AST322CSA332GST345G|2622.0	0|10|93|298|308|SA3C|36.0;4|13|93|302|311|SC10G|31.0	33|68|68|320|355||350.0;36|40|71|320|324||40.0		CAGATCACCTTGAAGGAGTCTGGTCCGACGCTGCTGAAACCCACACAGACCCTCACGCTGACCTGCACCGTCTCT	58	GGCTTCTCACTCAGCACTAGTGCAGTGCGT	58	GTGGGCTGGATCCGTCAGCCCCCAGGAAAGGCCCTGGAGTGGCTTGCACTC	58	ATTTATTACAATGATGATAAG	58	CGCTACAGCCCATCTCTGAAGAGCAGGCTCACCATCACCAAGGACACCTCCAAAAACCAGGTGGTCCTCACAATGACCGACATGGACCCTGGGGACACAGCCACATATTAC	58	TGTGCACACGGGTCTAATAAGTCGTTTGGATTCTGG	58	GGCCAGGGAACCCTGGTCACCGTCTCCTCAG	58	QITLKESGPTLLKPTQTLTLTCTVS	GFSLSTSAVR	VGWIRQPPGKALEWLAL	IYYNDDK	RYSPSLKSRLTITKDTSKNQVVLTMTDMDPGDTATYY	CAHGSNKSFGFW	GQGTLVTVSS_	::::0:75:105:156:177:288:-4:297:298:31:-52:308:320:-13:324:355::	IGH
16	4	ACTTTCATCAGGTTCA	42.0	0.005139500734214391	2	0.001463057790782736	GAGGTGCAGCTGGTGGAGTCTGGGGGAGGTGTGGTACGGCCTGGGGGGTCCCTGAGACTCTCCTGTGCAGCCTCTGGATTCACCTTTGATGATTATGGCATGAGCTGGGTCCGCCAAGCTCCAGGGAAGGGGCTGGAGTGGGTCTCTGGTATTAATTGGAATGGTGGTAGCACAGGTTATGCAGACTCTGTGAAGGGCCGATTCACCATCTCCAGAGACAACGCCAAGAACTCCCTGTATCTGCAAATGAACAGTCTGAGAGCCGAGGACACGGCCTTGTATCACTGTGCGAGAGACTAAGACTGGGCTATAGTGGCTACGGACAGCTACGGTGACTACGCGAGACTGGGGCCAGGGAACCCTGGTCACCGTCTCCTCAG	[[[[[[[[[[[[[[[[[[[[[[[[[[[[[[[[[[[[[[[[[[[[[[[[[[[[[[[[[[[[[[[[[[[[[[[[[[[[[[[[[[[[[[[[[[[[[[[[[[[[[[[[[[[[[[[[[[[[[[[[[[[[[[[[[[[[[[[[[[[[[[[[[[[[[[[[[[[[[[[[[[[[[[[[[[[[[[[[[[[[[[[[[[[[[[[[[[[[[[[[[[[[[[[[[[[[[[[[[[[[[[[[[[[[[[[[[[[[[[[[[[[[[[[[[[[[[[[[[[[[[[[[[[[[[[[[[[[Y[[[[[[[[[[[[[[[[[[[[[[[[[[[[[[[[[[[[[[[[[[[[[[[[[[[[[[[[[[[[[[[[[[[[[[[[[[[[[[[[[[[[[[[[[[[[[[[[[[[[[[[[	IGHV3-20*00(3730)	IGHD4-17*00(70),IGHD5-12*00(66),IGHD5-18*00(65)	IGHJ4*00(360),IGHJ5*00(350)	IGHM*00(355)	77|373|393|0|296||2960.0	19|33|48|326|340||70.0;25|41|69|305|321|SA27C|66.0;28|41|69|308|321||65.0	32|68|68|344|380||360.0;36|40|71|345|349||40.0		GAGGTGCAGCTGGTGGAGTCTGGGGGAGGTGTGGTACGGCCTGGGGGGTCCCTGAGACTCTCCTGTGCAGCCTCT	58	GGATTCACCTTTGATGATTATGGC	58	ATGAGCTGGGTCCGCCAAGCTCCAGGGAAGGGGCTGGAGTGGGTCTCTGGT	58	ATTAATTGGAATGGTGGTAGCACA	58	GGTTATGCAGACTCTGTGAAGGGCCGATTCACCATCTCCAGAGACAACGCCAAGAACTCCCTGTATCTGCAAATGAACAGTCTGAGAGCCGAGGACACGGCCTTGTATCAC	56	TGTGCGAGAGACTAAGACTGGGCTATAGTGGCTACGGACAGCTACGGTGACTACGCGAGACTGG	58	GGCCAGGGAACCCTGGTCACCGTCTCCTCAG	58	EVQLVESGGGVVRPGGSLRLSCAAS	GFTFDDYG	MSWVRQAPGKGLEWVSG	INWNGGST	GYADSVKGRFTISRDNAKNSLYLQMNSLRAEDTALYH	CARD*DWAIVA_RTATVTTRDW	GQGTLVTVSS_	::::0:75:99:150:174:285:0:296:326:-3:1:340:344:-12:349:380::	IGH
18	1	GGCAATTCAAGGCTCC	29.0	0.0035487028879099365	5	0.0036576444769568397	CAGGAGCAGATGGTGGAGTCTGGGGGAGGCTTGGTCAAGCCTGGAGGGTCCCTGAGACTCTTCTGTGCAGCCTCTGGATTCACCTTCAGCGACCAGTATATGAGCTGGATCCGCCAGGCTCCAGGGAAGGGACTGGAGTGGATAGCACACATTACTAAAGACGGTGATATCGCCTATTATGTGGACTCTGTGAAGGGCCGCTTCACCATCTCCAGGGACAACGCCAAGAACACCCTATATCTGCAAATGAACAGCCTGCGAGTCGAGGACACGGCCACTTATTATTGTAGGCCAGGTCACTATTCTGCACTCTGGGGCCAGGGAACCCTAGTCACCGTCTCCTCAG	[[[[[[[[[[[[[[[[[[[[[[[[[[[[[[[[[[[[[[[[[[[[[[[[[[[[[[[[[[[[[[[[[[[[[[[[[[[[[[[[[[[[[[[[[[[[[[[[[[[[[[[[[[[[[[[[[[[[[[[[[[[[[[[[[[[[[[[[[[[[[[[[[[[[[[[[[[[[[[[[[[[[[[[[[[[[[[[[[[[[[[[[[[[[[[[[[[[[[[[[[[[[[[[[[[[[[[[[[[[[[[[[[[[[[[[[[[[[[[[[[[[[[[[[[[[[[[[[[[[[[[[[[[[[[[[[[[[[[[[[[[[[[[[[[[[[[[[[[[[[[[[[[[[[[[[[[[[[[[[[[[[[[[[[[[[[[[[[[[[[[[[[[[	IGHV3-11*00(2461),IGHV3-7*00(2070),IGHV3-53*00(1977)	IGHD1-26*00(30),IGHD2-21*00(30),IGHD5-18*00(30)	IGHJ4*00(321),IGHJ5*00(321)	IGHG2*00(905)	77|365|393|0|288|ST81ASC86ASC138TST166CST170CSC172GSC175TSG208ASG218AST220AST221GST224CSG231CSG234AST235ASA236GSG237AST238CSA242GSG243ASC246TSA248GST249CSA250CSC253TSC256TSC258TSA259GSA277CST308ASA310CSG313ASA335CSC339TSG353AST354CSG355TSC361T|1778.0;362|365|393|285|288||30.0;359|362|390|285|288||30.0	11|17|60|297|303||30.0;49|55|84|299|305||30.0;11|17|69|297|303||30.0	33|68|68|311|346|SG51A|321.0;36|40|71|311|315||40.0		CAGGAGCAGATGGTGGAGTCTGGGGGAGGCTTGGTCAAGCCTGGAGGGTCCCTGAGACTCTTCTGTGCAGCCTCT	58	GGATTCACCTTCAGCGACCAGTAT	58	ATGAGCTGGATCCGCCAGGCTCCAGGGAAGGGACTGGAGTGGATAGCACAC	58	ATTACTAAAGACGGTGATATCGCC	58	TATTATGTGGACTCTGTGAAGGGCCGCTTCACCATCTCCAGGGACAACGCCAAGAACACCCTATATCTGCAAATGAACAGCCTGCGAGTCGAGGACACGGCCACTTATTAT	58	TGTAGGCCAGGTCACTATTCTGCACTCTGG	58	GGCCAGGGAACCCTAGTCACCGTCTCCTCAG	58	QEQMVESGGGLVKPGGSLRLFCAAS	GFTFSDQY	MSWIRQAPGKGLEWIAH	ITKDGDIA	YYVDSVKGRFTISRDNAKNTLYLQMNSLRVEDTATYY	CRPGHYSALW	GQGTLVTVSS_	::::0:75:99:150:174:285:-8:288:297:9:-23:303:311:-13:315:346::	IGH
19	0	CGCGGTATCGGCTTGG	16.0	0.0019579050416054823	2	0.001463057790782736	CAGGTGCACCTCCTGCAGTGGGGCGCAGGACTCGTGAGGCCTTCGGAGACCCTATCCCTCACCTGCACTTTCTTTGGTGACTCCTTCCGACTTTACTCCTGGTCCTGGATCCGCCAGCTCCCAGAGAAGGGACTGGAATGGATTGGGCAGATCAATCATAGTGGAACCACCAGGTACAATCCCTCTCTCAAGAGTCGAATCGTCATGTCAATAGACACGTCCAAAAACCAGTTCTCCCTGAGTCTGACTTCTGTGACCGTCTTGGACACGGCTGTATATTACTGTGCGAGAAACGACTCGCGGGGCAACTGGCTTGACTACTGGGGCCAGGGAGCCCTGGTCACCGTCTCGTCAG	[[[[[[[[[[[[[[[[[[[[[[[[[[[[[[[[[[[[[[[[[[[[[[[[[[[[[[[[[[[[[[[[[[[[[[[[[[[[[[[[[[[[[[[[[[[[[[[[[[[[[[[[[[[[[[[[[[[[[[[[[[[[[[[[[[[[[[[[[[[[[[[[[[[[[[[[[[[[[[[[[[[[[[[[[[[[[[[[[[[[[[[[[[[W[[[[[[[[[[[[[[[[[[[[[[[[[[[[[[[[[[[[[[[[[[[[[[[[[[[[[[[[[[[[[[[[[[[[[[[[[[[[[[[[[[[[[[[[[[[[[[[[[[[[[[[[[[[[[[[[[[[[[[[[[[[[[[[[[[[[[[[[[[[[[[[[[[[[[[[[[[[[[[[[[[[[[[[	IGHV4-61*00(2376),IGHV4-34*00(2375),IGHV4-59*00(2085)	IGHD1-1*00(35),IGHD1-20*00(33),IGHD7-27*00(30)	IGHJ4*00(362)	IGHG1*00(715)	77|374|396|0|291|SG85CSG88CSA90TSG92CSC96GSC101GSG109CSA114GSG130ASG146TSC150TSG156ASG161TSA164CDC166SG168CDG170DG171DT172DA173DG174SA180CSA185TSG186CSG196CSC201TSG207ASG220AST230CST232GST236AST239CSC241TSG247ASG249CSA255GSC256GSC262TSC268TSG281ASA284GSC285TSA289GSG293ASG307ASA324GSG325TSG330CSC331TSC342TST343CSG344TSC345TSC355TSG358A|1321.0;359|368|390|282|291||90.0;359|368|390|282|291||90.0	21|28|51|305|312||35.0;28|38|51|291|300|DG34|33.0;13|19|33|306|312||30.0	26|68|68|313|355|SA46GSC63G|362.0		CAGGTGCACCTCCTGCAGTGGGGCGCAGGACTCGTGAGGCCTTCGGAGACCCTATCCCTCACCTGCACTTTCTTT	58	GGTGACTCCTTCCGACTTTACTCC	58	TGGTCCTGGATCCGCCAGCTCCCAGAGAAGGGACTGGAATGGATTGGGCAG	58	ATCAATCATAGTGGAACCACC	58	AGGTACAATCCCTCTCTCAAGAGTCGAATCGTCATGTCAATAGACACGTCCAAAAACCAGTTCTCCCTGAGTCTGACTTCTGTGACCGTCTTGGACACGGCTGTATATTAC	54	TGTGCGAGAAACGACTCGCGGGGCAACTGGCTTGACTACTGG	58	GGCCAGGGAGCCCTGGTCACCGTCTCGTCAG	58	QVHLLQWGAGLVRPSETLSLTCTFF	GDSFRLYS	WSWIRQLPEKGLEWIGQ	INHSGTT	RYNPSLKSRIVMSIDTSKNQFSLSLTSVTVLDTAVYY	CARNDSRGNWLDYW	GQGALVTVSS_	::::0:75:99:150:171:282:-2:291:305:-4:-6:312:313:-6:324:355::	IGH
